"No	",gender,age
"1	",Male,23
"2	",Male,25
"3	",Male,25
"4	",Male,25
"5	",Male,42
"6	",Male,42
"7	",Male,42
"8	",Male,42
"9	",Male,42
"10	",Male,42
"11	",Male,42
"12	",Male,42
"13	",Male,42
"14	",Male,42
"15	",Male,42
"16	",Male,42
"17	",Male,42
"18	",Male,42
"19	",Male,42
"20	",Female,42
"21	",Female,42
"22	",Female,42
"23	",Female,42
"24	",Female,42
"25	",Female,42
"26	",Female,42
"27	",Female,42
"28	",Female,42
"29	",Female,42
"30	",Female,42
"31	",Female,42
"32	",Female,42
"33	",Female,42
"34	",Female,42
"35	",Female,42
"36	",Female,61
"37	",Female,61
"38	",Female,61
"39	",Female,61
"40	",Female,61
"41	",Female,61
"42	",Female,61
"43	",Female,61
"44	",Female,61
"45	",Female,61
"46	",Female,78
"47	",Female,78
"48	",Female,78
"49	",Female,78
"50	",Female,78
